Job Name,EP94-04794A_PP3235-77A_T_01B,Type,Board No.,Ref.,Pos X,Pos Y,Mark Name,ASSIGN,,,,,,
X,360,Fiducial,0,V1,335.000,135.500,M1,NXT16M,,,,,,
Y,159,Fiducial,0,V2,29.500,19.000,M1,NXT16M,,,,,,
T,2,Panel ID,0,PSN,349.000,80.500,2D Label,,,,,,,
Level,Ref.,Pos X,Pos Y,,,,,,,,,,,
Global,BackupPin1,,,,,,,,,,,,,
Global,BackupPin2,,,,,,,,,,,,,
Global,BackupPin3,,,,,,,,,,,,,
Global,BackupPin4,,,,,,,,,,,,,
Global,BackupPin5,,,,,,,,,,,,,
Global,BackupPin6,,,,,,,,,,,,,
Global,BackupPin7,,,,,,,,,,,,,
Global,BackupPin8,,,,,,,,,,,,,
Global,BackupPin9,,,,,,,,,,,,,
Global,BackupPin10,,,,,,,,,,,,,
Global,BackupPin11,,,,,,,,,,,,,
Global,BackupPin12,,,,,,,,,,,,,
Global,BackupPin13,,,,,,,,,,,,,
Global,BackupPin14,,,,,,,,,,,,,
Global,BackupPin15,,,,,,,,,,,,,
Global,BackupPin16,,,,,,,,,,,,,
Global,BackupPin17,,,,,,,,,,,,,
Global,BackupPin18,,,,,,,,,,,,,
Global,BackupPin19,,,,,,,,,,,,,
Global,BackupPin20,,,,,,,,,,,,,
Ref.,Pos X,Pos Y,Rotation,Part Number,Place Before,Board,Part Name,Cond,Vender,Feeder,Pos Z,Carry Mode,Stack Target,
C1,99.000,145.900,90,2203-010040,,1,R3225_CAP_ms_V1,SMD,,E0804_L,0,,,
C10,126.000,145.900,90,2203-010040,,1,R3225_CAP_ms_V1,SMD,,E0804_L,0,,,
C100,225.600,88.700,90,2203-005249,,1,R1608_CAP_ms_V1,SMD,,P0804,0,,,
C101,226.900,88.700,90,2203-006698,,1,R1608_CAP_ms_V1,SMD,,P0804,0,,,
C102,230.000,88.700,90,2203-006698,,1,R1608_CAP_ms_V1,SMD,,P0804,0,,,
C103,232.400,88.700,90,2203-006698,,1,R1608_CAP_ms_V1,SMD,,P0804,0,,,
C104,233.600,88.700,90,2203-005249,,1,R1608_CAP_ms_V1,SMD,,P0804,0,,,
C105,244.500,88.900,90,2203-002285,,1,R1005_ms_V5,SMD,,P0802,0,,,
C106,245.600,89.000,90,2203-005249,,1,R1608_CAP_ms_V1,SMD,,P0804,0,,,
C107,58.500,74.800,0,2203-007843,,1,R1608_CAP_ms_V1,SMD,,P0804,0,,,
C108,70.200,86.000,90,2203-005249,,1,R1608_CAP_ms_V1,SMD,,P0804,0,,,
C109,223.400,86.800,0,2203-005083,,1,R1608_CAP_ms_V1,SMD,,P0804_L,0,,,
C11,129.000,145.900,90,2203-010040,,1,R3225_CAP_ms_V1,SMD,,E0804_L,0,,,
C110,233.700,86.700,90,2203-000812,,1,R1005_ms_V5,SMD,,P0802,0,,,
C113,54.500,73.500,0,2203-008386,,1,R1005_ms_V5,SMD,,P0802,0,,,
C115,77.100,82.700,90,2203-007132,,1,R3216_CAP_ms_V1,SMD,,E0804_L,0,,,
C116,224.000,84.900,90,2203-005083,,1,R1608_CAP_ms_V1,SMD,,P0804_L,0,,,
C117,233.700,85.000,90,2203-000812,,1,R1005_ms_V5,SMD,,P0802,0,,,
C12,132.000,145.900,90,2203-010040,,1,R3225_CAP_ms_V1,SMD,,E0804_L,0,,,
C120,60.500,70.500,90,2203-007462,,1,R2012_CAP_ms_V2,SMD,,E0804_L,0,,,
C121,62.200,70.500,90,2203-007462,,1,R2012_CAP_ms_V2,SMD,,E0804_L,0,,,
C122,267.900,87.000,0,2203-010040,,1,R3225_CAP_ms_V1,SMD,,E0804_L,0,,,
C123,272.000,87.000,0,2203-010040,,1,R3225_CAP_ms_V1,SMD,,E0804_L,0,,,
C124,58.500,68.000,90,2203-000254,,1,R1005_ms_V5,SMD,,P0802,0,,,
C125,267.900,84.000,0,2203-010040,,1,R3225_CAP_ms_V1,SMD,,E0804_L,0,,,
C126,272.000,84.000,0,2203-010040,,1,R3225_CAP_ms_V1,SMD,,E0804_L,0,,,
C127,173.300,74.500,0,2203-007462,,1,R2012_CAP_ms_V2,SMD,,E0804_L,0,,,
C128,267.900,81.000,0,2203-010040,,1,R3225_CAP_ms_V1,SMD,,E0804_L,0,,,
C129,272.000,81.000,0,2203-010040,,1,R3225_CAP_ms_V1,SMD,,E0804_L,0,,,
C13,135.000,145.900,90,2203-010040,,1,R3225_CAP_ms_V1,SMD,,E0804_L,0,,,
C130,177.100,72.800,90,2203-006158,,1,R1005_ms_V5,SMD,,P0802,0,,,
C131,267.900,78.000,0,2203-010040,,1,R3225_CAP_ms_V1,SMD,,E0804_L,0,,,
C132,272.000,78.000,0,2203-010040,,1,R3225_CAP_ms_V1,SMD,,E0804_L,0,,,
C133,165.300,69.000,90,2203-006698,,1,R1608_CAP_ms_V1,SMD,,P0804,0,,,
C134,194.100,64.000,90,2203-010086,,1,R5750_CAP_ms_V2,SMD,,E1208,0,,,
C135,167.900,67.000,0,2203-006158,,1,R1005_ms_V5,SMD,,P0802,0,,,
C136,171.500,64.200,0,2203-006698,,1,R1608_CAP_ms_V1,SMD,,P0804,0,,,
C137,171.700,65.700,90,2203-006158,,1,R1005_ms_V5,SMD,,P0802,0,,,
C138,187.000,57.000,90,2203-010086,,1,R5750_CAP_ms_V2,SMD,,E1208,0,,,
C14,138.000,145.900,90,2203-010040,,1,R3225_CAP_ms_V1,SMD,,E0804_L,0,,,
C142,71.700,56.500,90,2203-007776,,1,R2012_CAP_ms_V2,SMD,,E0804,0,,,
C144,195.500,55.000,90,2203-010040,,1,R3225_CAP_ms_V1,SMD,,E0804_L,0,,,
C146,70.200,55.900,90,2203-007544,,1,R1005_ms_V5,SMD,,P0802,0,,,
C148,70.200,53.100,90,2203-007544,,1,R1005_ms_V5,SMD,,P0802,0,,,
C15,141.000,145.900,90,2203-010040,,1,R3225_CAP_ms_V1,SMD,,E0804_L,0,,,
C151,195.500,50.900,90,2203-010040,,1,R3225_CAP_ms_V1,SMD,,E0804_L,0,,,
C153,62.800,51.900,90,2203-007544,,1,R1005_ms_V5,SMD,,P0802,0,,,
C156,70.200,47.500,90,2203-007544,,1,R1005_ms_V5,SMD,,P0802,0,,,
C157,71.700,48.000,90,2203-007776,,1,R2012_CAP_ms_V2,SMD,,E0804,0,,,
C159,116.000,47.000,90,2203-010040,,1,R3225_CAP_ms_V1,SMD,,E0804_L,0,,,
C16,144.000,145.900,90,2203-010040,,1,R3225_CAP_ms_V1,SMD,,E0804_L,0,,,
C161,70.200,44.600,90,2203-007544,,1,R1005_ms_V5,SMD,,P0802,0,,,
C162,62.800,43.400,90,2203-007544,,1,R1005_ms_V5,SMD,,P0802,0,,,
C163,96.500,42.500,0,2203-009594,,1,R2012_CAP_ms_V2,SMD,,P0804,0,,,
C164,106.000,42.500,0,2203-009594,,1,R2012_CAP_ms_V2,SMD,,P0804,0,,,
C166,116.000,42.500,90,2203-010040,,1,R3225_CAP_ms_V1,SMD,,E0804_L,0,,,
C167,126.000,42.500,0,2203-009594,,1,R2012_CAP_ms_V2,SMD,,P0804,0,,,
C168,135.500,42.500,0,2203-009594,,1,R2012_CAP_ms_V2,SMD,,P0804,0,,,
C169,155.100,43.700,90,2203-006698,,1,R1608_CAP_ms_V1,SMD,,P0804,0,,,
C17,147.000,145.900,90,2203-010040,,1,R3225_CAP_ms_V1,SMD,,E0804_L,0,,,
C171,67.900,40.400,0,2203-007843,,1,R1608_CAP_ms_V1,SMD,,P0804,0,,,
C172,65.200,39.800,90,2203-000714,,1,R1005_ms_V5,SMD,,P0802,0,,,
C173,74.900,35.800,0,2203-005249,,1,R1608_CAP_ms_V1,SMD,,P0804,0,,,
C174,61.500,37.200,0,2203-009015,,1,R4520_CAP_ms_V1,SMD,,E1204_L,0,,,
C175,67.600,36.500,90,2203-006698,,1,R1608_CAP_ms_V1,SMD,,P0804,0,,,
C176,116.000,37.000,90,2203-010040,,1,R3225_CAP_ms_V1,SMD,,E0804_L,0,,,
C178,57.550,35.000,0,2203-006698,,1,R1608_CAP_ms_V1,SMD,,P0804,0,,,
C179,67.800,34.400,90,2203-002285,,1,R1005_ms_V5,SMD,,P0802,0,,,
C18,150.000,145.900,90,2203-010040,,1,R3225_CAP_ms_V1,SMD,,E0804_L,0,,,
C180,74.400,34.000,90,2203-007843,,1,R1608_CAP_ms_V1,SMD,,P0804,0,,,
C181,333.000,37.000,0,2203-010067,,1,R4520_CAP_ms_V1,SMD,,E1204_L,0,,,
C182,57.600,33.400,0,2203-007462,,1,R2012_CAP_ms_V2,SMD,,E0804_L,0,,,
C183,67.413,32.200,90,2203-007462,,1,R2012_CAP_ms_V2,SMD,,E0804_L,0,,,
C184,73.800,32.000,0,2203-007843,,1,R1608_CAP_ms_V1,SMD,,P0804,0,,,
C185,76.500,33.100,90,2203-010040,,1,R3225_CAP_ms_V1,SMD,,E0804_L,0,,,
C186,116.000,32.500,90,2203-010040,,1,R3225_CAP_ms_V1,SMD,,E0804_L,0,,,
C187,148.300,32.500,0,2203-006698,,1,R1608_CAP_ms_V1,SMD,,P0804,0,,,
C189,69.900,31.300,90,2203-009181,,1,R3225_CAP_ms_V1,SMD,,E0804_L,0,,,
C19,153.000,145.900,90,2203-010040,,1,R3225_CAP_ms_V1,SMD,,E0804_L,0,,,
C190,81.400,30.800,90,2203-006698,,1,R1608_CAP_ms_V1,SMD,,P0804,0,,,
C191,86.500,30.700,90,2203-006698,,1,R1608_CAP_ms_V1,SMD,,P0804,0,,,
C192,102.000,31.500,0,2203-010040,,1,R3225_CAP_ms_V1,SMD,,E0804_L,0,,,
C193,106.500,31.500,0,2203-010040,,1,R3225_CAP_ms_V1,SMD,,E0804_L,0,,,
C194,125.500,31.500,0,2203-010040,,1,R3225_CAP_ms_V1,SMD,,E0804_L,0,,,
C195,130.000,31.500,0,2203-010040,,1,R3225_CAP_ms_V1,SMD,,E0804_L,0,,,
C196,76.500,28.900,90,2203-010040,,1,R3225_CAP_ms_V1,SMD,,E0804_L,0,,,
C197,102.000,28.500,0,2203-010040,,1,R3225_CAP_ms_V1,SMD,,E0804_L,0,,,
C198,106.500,28.500,0,2203-010040,,1,R3225_CAP_ms_V1,SMD,,E0804_L,0,,,
C199,125.500,28.500,0,2203-010040,,1,R3225_CAP_ms_V1,SMD,,E0804_L,0,,,
C2,102.000,145.900,90,2203-010040,,1,R3225_CAP_ms_V1,SMD,,E0804_L,0,,,
C20,156.000,145.900,90,2203-010040,,1,R3225_CAP_ms_V1,SMD,,E0804_L,0,,,
C200,130.000,28.500,0,2203-010040,,1,R3225_CAP_ms_V1,SMD,,E0804_L,0,,,
C204,322.500,30.000,90,2203-010067,,1,R4520_CAP_ms_V1,SMD,,E1204_L,0,,,
C205,333.000,32.000,0,2203-010067,,1,R4520_CAP_ms_V1,SMD,,E1204_L,0,,,
C206,70.900,26.900,0,2203-006698,,1,R1608_CAP_ms_V1,SMD,,P0804,0,,,
C207,213.000,27.500,90,2203-010086,,1,R5750_CAP_ms_V2,SMD,,E1208,0,,,
C208,234.500,27.500,90,2203-010086,,1,R5750_CAP_ms_V2,SMD,,E1208,0,,,
C209,102.000,25.500,0,2203-010040,,1,R3225_CAP_ms_V1,SMD,,E0804_L,0,,,
C21,159.000,145.900,90,2203-010040,,1,R3225_CAP_ms_V1,SMD,,E0804_L,0,,,
C210,106.500,25.500,0,2203-010040,,1,R3225_CAP_ms_V1,SMD,,E0804_L,0,,,
C211,125.500,25.500,0,2203-010040,,1,R3225_CAP_ms_V1,SMD,,E0804_L,0,,,
C212,130.000,25.500,0,2203-010040,,1,R3225_CAP_ms_V1,SMD,,E0804_L,0,,,
C217,213.000,20.700,90,2203-010086,,1,R5750_CAP_ms_V2,SMD,,E1208,0,,,
C218,234.500,20.700,90,2203-010086,,1,R5750_CAP_ms_V2,SMD,,E1208,0,,,
C219,199.000,20.000,90,2203-010086,,1,R5750_CAP_ms_V2,SMD,,E1208,0,,,
C220,192.500,16.700,90,2203-010086,,1,R5750_CAP_ms_V2,SMD,,E1208,0,,,
C224,63.200,113.700,90,2203-000812,,1,R1005_ms_V5,SMD,,P0802,0,,,
C225,59.300,110.600,0,2203-006048,,1,R1005_ms_V5,SMD,,P0802,0,,,
C226,61.200,110.600,0,2203-000812,,1,R1005_ms_V5,SMD,,P0802,0,,,
C242,149.500,103.100,90,2203-006698,,1,R1608_CAP_ms_V1,SMD,,P0804,0,,,
C243,150.700,103.400,90,2203-007544,,1,R1005_ms_V5,SMD,,P0802,0,,,
C244,83.600,96.300,0,2203-007544,,1,R1005_ms_V5,SMD,,P0802,0,,,
C245,83.500,97.400,0,2203-006698,,1,R1608_CAP_ms_V1,SMD,,P0804,0,,,
C247,195.000,101.700,0,2203-007843,,1,R1608_CAP_ms_V1,SMD,,P0804,0,,,
C248,152.800,98.300,0,2203-007776,,1,R2012_CAP_ms_V2,SMD,,E0804,0,,,
C249,152.500,96.900,0,2203-007544,,1,R1005_ms_V5,SMD,,P0802,0,,,
C250,59.700,100.100,0,2203-000438,,1,R1005_ms_V5,SMD,,P0802,0,,,
C251,58.300,102.200,90,2203-006158,,1,R1005_ms_V5,SMD,,P0802,0,,,
C252,55.000,101.700,0,2203-000812,,1,R1005_ms_V5,SMD,,P0802,0,,,
C253,48.200,100.200,0,2203-000438,,1,R1005_ms_V5,SMD,,P0802,0,,,
C254,191.200,100.800,90,2203-005968,,1,R1005_ms_V5,SMD,,P0802,0,,,
C255,192.100,100.800,90,2203-002285,,1,R1005_ms_V5,SMD,,P0802,0,,,
C256,195.000,100.500,0,2203-007843,,1,R1608_CAP_ms_V1,SMD,,P0804,0,,,
C257,59.700,98.500,0,2203-006158,,1,R1005_ms_V5,SMD,,P0802,0,,,
C258,46.800,98.300,90,2203-000438,,1,R1005_ms_V5,SMD,,P0802,0,,,
C259,198.800,99.300,0,2203-002285,,1,R1005_ms_V5,SMD,,P0802,0,,,
C26,74.000,118.400,0,2203-007776,,1,R2012_CAP_ms_V2,SMD,,E0804,0,,,
C260,198.800,98.400,0,2203-005968,,1,R1005_ms_V5,SMD,,P0802,0,,,
C261,63.400,97.900,0,2203-007843,,1,R1608_CAP_ms_V1,SMD,,P0804,0,,,
C262,47.100,93.300,90,2203-000812,,1,R1005_ms_V5,SMD,,P0802,0,,,
C263,47.100,91.700,90,2203-000812,,1,R1005_ms_V5,SMD,,P0802,0,,,
C264,199.200,95.900,90,2203-005083,,1,R1608_CAP_ms_V1,SMD,,P0804_L,0,,,
C265,200.500,95.900,90,2203-005083,,1,R1608_CAP_ms_V1,SMD,,P0804_L,0,,,
C266,52.900,90.000,90,2203-000995,,1,R1005_ms_V5,SMD,,P0802,0,,,
C267,52.100,90.000,90,2203-000995,,1,R1005_ms_V5,SMD,,P0802,0,,,
C268,192.600,92.800,90,2203-008765,,1,R1608_CAP_ms_V1,SMD,,P0804,0,,,
C269,193.800,93.100,90,2203-002285,,1,R1005_ms_V5,SMD,,P0802,0,,,
C27,74.200,117.000,0,2203-007544,,1,R1005_ms_V5,SMD,,P0802,0,,,
C270,194.700,93.100,90,2203-005968,,1,R1005_ms_V5,SMD,,P0802,0,,,
C271,199.800,93.000,0,2203-007843,,1,R1608_CAP_ms_V1,SMD,,P0804,0,,,
C272,199.800,91.800,0,2203-007843,,1,R1608_CAP_ms_V1,SMD,,P0804,0,,,
C273,191.200,90.100,90,2203-001428,,1,R2012_CAP_ms_V2,SMD,,E0804_L,0,,,
C274,193.000,90.100,90,2203-001428,,1,R2012_CAP_ms_V2,SMD,,E0804_L,0,,,
C275,199.800,90.600,0,2203-007843,,1,R1608_CAP_ms_V1,SMD,,P0804,0,,,
C276,199.800,89.400,0,2203-007843,,1,R1608_CAP_ms_V1,SMD,,P0804,0,,,
C28,71.200,113.600,0,2203-006698,,1,R1608_CAP_ms_V1,SMD,,P0804,0,,,
C282,241.000,32.000,90,2203-010040,,1,R3225_CAP_ms_V1,SMD,,E0804_L,0,,,
C283,244.000,32.000,90,2203-010040,,1,R3225_CAP_ms_V1,SMD,,E0804_L,0,,,
C284,247.000,32.000,90,2203-010040,,1,R3225_CAP_ms_V1,SMD,,E0804_L,0,,,
C285,257.000,32.000,90,2203-010040,,1,R3225_CAP_ms_V1,SMD,,E0804_L,0,,,
C288,241.000,27.500,90,2203-010040,,1,R3225_CAP_ms_V1,SMD,,E0804_L,0,,,
C289,244.000,27.500,90,2203-010040,,1,R3225_CAP_ms_V1,SMD,,E0804_L,0,,,
C29,71.300,112.500,0,2203-002285,,1,R1005_ms_V5,SMD,,P0802,0,,,
C290,247.000,27.500,90,2203-010040,,1,R3225_CAP_ms_V1,SMD,,E0804_L,0,,,
C291,257.000,27.500,90,2203-010040,,1,R3225_CAP_ms_V1,SMD,,E0804_L,0,,,
C292,243.600,87.000,90,2203-000812,,1,R1005_ms_V5,SMD,,P0802,0,,,
C293,243.600,85.300,90,2203-000812,,1,R1005_ms_V5,SMD,,P0802,0,,,
C3,105.000,145.900,90,2203-010040,,1,R3225_CAP_ms_V1,SMD,,E0804_L,0,,,
C38,85.000,104.700,90,2203-007776,,1,R2012_CAP_ms_V2,SMD,,E0804,0,,,
C39,86.300,104.300,90,2203-007544,,1,R1005_ms_V5,SMD,,P0802,0,,,
C4,108.000,145.900,90,2203-010040,,1,R3225_CAP_ms_V1,SMD,,E0804_L,0,,,
C40,126.400,104.500,90,2203-007776,,1,R2012_CAP_ms_V2,SMD,,E0804,0,,,
C41,127.700,104.200,90,2203-007544,,1,R1005_ms_V5,SMD,,P0802,0,,,
C42,52.500,103.400,0,2203-007462,,1,R2012_CAP_ms_V2,SMD,,E0804_L,0,,,
C43,52.500,102.100,0,2203-006158,,1,R1005_ms_V5,SMD,,P0802,0,,,
C44,57.500,102.200,90,2203-006158,,1,R1005_ms_V5,SMD,,P0802,0,,,
C45,59.100,102.200,90,2203-000233,,1,R1005_ms_V5,SMD,,P0802,0,,,
C46,69.100,106.900,90,2203-007544,,1,R1005_ms_V5,SMD,,P0802,0,,,
C49,113.900,102.600,90,2203-007544,,1,R1005_ms_V5,SMD,,P0802,0,,,
C5,111.000,145.900,90,2203-010040,,1,R3225_CAP_ms_V1,SMD,,E0804_L,0,,,
C51,157.900,103.600,90,2203-007544,,1,R1005_ms_V5,SMD,,P0802,0,,,
C52,49.900,101.300,0,2203-006158,,1,R1005_ms_V5,SMD,,P0802,0,,,
C53,52.500,101.300,0,2203-000254,,1,R1005_ms_V5,SMD,,P0802,0,,,
C54,59.700,100.900,0,2203-006158,,1,R1005_ms_V5,SMD,,P0802,0,,,
C55,77.500,99.400,90,2203-007544,,1,R1005_ms_V5,SMD,,P0802,0,,,
C56,105.500,102.000,90,2203-006698,,1,R1608_CAP_ms_V1,SMD,,P0804,0,,,
C57,106.500,102.000,90,2203-007544,,1,R1005_ms_V5,SMD,,P0802,0,,,
C6,114.000,145.900,90,2203-010040,,1,R3225_CAP_ms_V1,SMD,,E0804_L,0,,,
C61,229.500,102.000,0,2203-008386,,1,R1005_ms_V5,SMD,,P0802,0,,,
C62,63.700,100.000,0,2203-006158,,1,R1005_ms_V5,SMD,,P0802,0,,,
C63,66.100,100.000,0,2203-009778,,1,R1005_ms_V5,SMD,,P0802,0,,,
C65,119.000,99.400,90,2203-007544,,1,R1005_ms_V5,SMD,,P0802,0,,,
C68,108.300,96.100,0,2203-007544,,1,R1005_ms_V5,SMD,,P0802,0,,,
C69,108.800,97.400,0,2203-007776,,1,R2012_CAP_ms_V2,SMD,,E0804,0,,,
C7,117.000,145.900,90,2203-010040,,1,R3225_CAP_ms_V1,SMD,,E0804_L,0,,,
C70,125.000,97.100,0,2203-006698,,1,R1608_CAP_ms_V1,SMD,,P0804,0,,,
C72,224.000,96.500,90,2203-008386,,1,R1005_ms_V5,SMD,,P0802,0,,,
C73,226.700,98.000,0,2203-000233,,1,R1005_ms_V5,SMD,,P0802,0,,,
C74,232.500,97.000,0,2203-006158,,1,R1005_ms_V5,SMD,,P0802,0,,,
C75,46.500,95.600,90,2203-007462,,1,R2012_CAP_ms_V2,SMD,,E0804_L,0,,,
C76,47.800,95.600,90,2203-006158,,1,R1005_ms_V5,SMD,,P0802,0,,,
C77,48.600,95.600,90,2203-000254,,1,R1005_ms_V5,SMD,,P0802,0,,,
C78,59.300,95.700,90,2203-000254,,1,R1005_ms_V5,SMD,,P0802,0,,,
C79,60.100,95.700,90,2203-006158,,1,R1005_ms_V5,SMD,,P0802,0,,,
C8,120.000,145.900,90,2203-010040,,1,R3225_CAP_ms_V1,SMD,,E0804_L,0,,,
C80,61.400,95.700,90,2203-007462,,1,R2012_CAP_ms_V2,SMD,,E0804_L,0,,,
C81,124.900,95.900,0,2203-007544,,1,R1005_ms_V5,SMD,,P0802,0,,,
C82,224.000,94.500,90,2203-002285,,1,R1005_ms_V5,SMD,,P0802,0,,,
C83,232.500,96.000,0,2203-000233,,1,R1005_ms_V5,SMD,,P0802,0,,,
C84,232.500,95.000,0,2203-002285,,1,R1005_ms_V5,SMD,,P0802,0,,,
C9,123.000,145.900,90,2203-010040,,1,R3225_CAP_ms_V1,SMD,,E0804_L,0,,,
C90,154.800,90.000,0,2203-009014,,1,R1005_ms_V5,SMD,,P0802,0,,,
C91,156.400,90.000,0,2203-006158,,1,R1005_ms_V5,SMD,,P0802,0,,,
C92,50.100,89.200,90,2203-000233,,1,R1005_ms_V5,SMD,,P0802,0,,,
C93,55.400,89.400,90,2203-007462,,1,R2012_CAP_ms_V2,SMD,,E0804_L,0,,,
C96,56.500,77.000,90,2203-007462,,1,R2012_CAP_ms_V2,SMD,,E0804_L,0,,,
C97,58.500,77.000,90,2203-007462,,1,R2012_CAP_ms_V2,SMD,,E0804_L,0,,,
C98,113.800,90.000,0,2203-009014,,1,R1005_ms_V5,SMD,,P0802,0,,,
C99,115.400,90.000,0,2203-006158,,1,R1005_ms_V5,SMD,,P0802,0,,,
CS1,79.400,134.500,90,0202-001950,,1,CS2012_SD_D,SMD,,P0804,0,,,
CS10,104.000,88.300,0,0202-001950,,1,CS2012_SD_D,SMD,,P0804,0,,,
CS11,128.500,88.300,0,0202-001950,,1,CS2012_SD_D,SMD,,P0804,0,,,
CS12,145.600,88.300,0,0202-001950,,1,CS2012_SD_D,SMD,,P0804,0,,,
CS13,88.400,53.700,0,0202-001950,,1,CS2012_SD_D,SMD,,P0804,0,,,
CS14,102.600,53.700,0,0202-001950,,1,CS2012_SD_D,SMD,,P0804,0,,,
CS15,130.200,53.700,0,0202-001950,,1,CS2012_SD_D,SMD,,P0804,0,,,
CS16,144.200,53.700,0,0202-001950,,1,CS2012_SD_D,SMD,,P0804,0,,,
CS2,154.600,134.600,90,0202-001950,,1,CS2012_SD_D,SMD,,P0804,0,,,
CS3,111.600,133.000,90,0202-001950,,1,CS2012_SD_D,SMD,,P0804,0,,,
CS4,122.400,133.000,90,0202-001950,,1,CS2012_SD_D,SMD,,P0804,0,,,
CS5,79.400,116.500,90,0202-001950,,1,CS2012_SD_D,SMD,,P0804,0,,,
CS6,111.600,118.000,90,0202-001950,,1,CS2012_SD_D,SMD,,P0804,0,,,
CS7,122.400,118.000,90,0202-001950,,1,CS2012_SD_D,SMD,,P0804,0,,,
CS8,154.600,116.500,90,0202-001950,,1,CS2012_SD_D,SMD,,P0804,0,,,
CS9,87.300,88.300,0,0202-001950,,1,CS2012_SD_D,SMD,,P0804,0,,,
D1,88.000,100.600,270,0404-001901,,1,sod_123lf_V1,SMD,,E0804_L,0,,,
D10,120.100,94.700,270,0401-001298,,1,sod_323_BAT54WS,SMD,,E0804,0,,,
D11,122.200,94.700,270,0401-001298,,1,sod_323_BAT54WS,SMD,,E0804,0,,,
D12,156.500,95.500,270,0401-001298,,1,sod_323_BAT54WS,SMD,,E0804,0,,,
D13,158.600,95.500,270,0401-001298,,1,sod_323_BAT54WS,SMD,,E0804,0,,,
D14,108.200,92.700,270,0401-001298,,1,sod_323_BAT54WS,SMD,,E0804,0,,,
D15,110.300,92.700,270,0401-001298,,1,sod_323_BAT54WS,SMD,,E0804,0,,,
D16,127.100,93.700,270,0404-001901,,1,sod_123lf_V1,SMD,,E0804_L,0,,,
D17,66.000,71.500,0,0404-001172,,1,sod523_w1.6x0.8,SMD,,E0804_L,0,,,
D18,165.300,65.000,270,0401-001306,,1,sod_323_w2.5x1.25,SMD,,E0804_L,0,,,
D19,73.600,51.900,270,0401-001089,,1,sod_323,SMD,,E0804_L,0,,,
D2,103.800,101.800,270,0404-001901,,1,sod_123lf_V1,SMD,,E0804_L,0,,,
D20,75.300,51.900,270,0401-001089,,1,sod_323,SMD,,E0804_L,0,,,
D21,81.500,46.500,90,0404-001901,,1,sod_123lf_V1,SMD,,E0804_L,0,,,
D22,86.000,46.500,90,0404-001901,,1,sod_123lf_V1,SMD,,E0804_L,0,,,
D23,146.000,46.000,90,0404-001901,,1,sod_123lf_V1,SMD,,E0804_L,0,,,
D24,150.500,46.000,90,0404-001901,,1,sod_123lf_V1,SMD,,E0804_L,0,,,
D25,73.600,43.300,270,0401-001089,,1,sod_323,SMD,,E0804_L,0,,,
D26,75.300,43.300,270,0401-001089,,1,sod_323,SMD,,E0804_L,0,,,
D27,81.500,39.000,90,0404-001901,,1,sod_123lf_V1,SMD,,E0804_L,0,,,
D28,86.000,39.000,90,0404-001901,,1,sod_123lf_V1,SMD,,E0804_L,0,,,
D29,146.000,38.500,90,0404-001901,,1,sod_123lf_V1,SMD,,E0804_L,0,,,
D3,129.800,100.600,270,0404-001901,,1,sod_123lf_V1,SMD,,E0804_L,0,,,
D30,150.500,38.500,90,0404-001901,,1,sod_123lf_V1,SMD,,E0804_L,0,,,
D31,66.200,37.600,90,0404-001172,,1,sod523_w1.6x0.8,SMD,,E0804_L,0,,,
D32,56.000,30.300,0,0404-001902,,1,sm_dio2_w4.32X3.62_V1,SMD,,E1208_L,0,,,
D37,198.372,105.150,0,0401-001306,,1,sod_323_w2.5x1.25,SMD,,E0804_L,0,,,
D4,145.300,101.800,270,0404-001901,,1,sod_123lf_V1,SMD,,E0804_L,0,,,
D5,79.100,94.700,270,0401-001298,,1,sod_323_BAT54WS,SMD,,E0804,0,,,
D6,81.200,94.700,270,0401-001298,,1,sod_323_BAT54WS,SMD,,E0804,0,,,
D7,105.950,97.600,270,0404-001901,,1,sod_123lf_V1,SMD,,E0804_L,0,,,
D8,148.350,97.000,270,0404-001901,,1,sod_123lf_V1,SMD,,E0804_L,0,,,
D9,85.600,93.700,270,0404-001901,,1,sod_123lf_V1,SMD,,E0804_L,0,,,
F1,274.000,110.000,0,3601-001953,,1,sm_fuse2_w11.2x10.0,SMD,,E2416,0,,,
L1,95.500,125.500,90,EP27-00074A,,1,sm_coil4_w31.0x31.0_ZGCE3013_V1,SMD,,E5644,0,,,
L2,138.500,125.500,270,EP27-00074A,,1,sm_coil4_w31.0x31.0_ZGCE3013_V1,SMD,,E5644,0,,,
L3,63.125,95.700,90,3301-001814,,1,R2012_IND_p0.85x1.25_V1,SMD,,P0804,0,,,
L5,62.000,75.000,90,2703-005502,,1,sm_ind2_w4.0_XAL4030,SMD,,E1208_L,0,,,
L8,145.500,21.500,0,2703-005378,,1,sm_ind2_w13.46x12.95_V2,SMD,,E2416_L,0,,,
LED1,46.500,89.900,180,0601-001094,,1,R1608_LED,SMD,,M0804_L,0,,,
P1,42.000,79.850,0,3711-009752,,1,sm_con5_12505WS_V2,SMD,,E2412,0,,,
PC1,238.500,97.000,270,0604-001494,,1,sm_photo4_w2.6x7.0,SMD,,E1208_L,0,,,
PC2,181.900,72.800,270,0604-001494,,1,sm_photo4_w2.6x7.0,SMD,,E1208_L,0,,,
PC3,61.000,26.500,90,0604-001494,,1,sm_photo4_w2.6x7.0,SMD,,E1208_L,0,,,
Q1,175.712,119.400,90,0505-003443,,1,d2pak_3p_psmns_V2,SMD,,E2416_L,0,,,
Q10,234.000,101.200,270,0505-003397,,1,sot23_2N7002K_V1,SMD,,E0804_L,0,,,
Q11,175.712,96.400,90,0505-003443,,1,d2pak_3p_psmns_V2,SMD,,E2416_L,0,,,
Q12,212.965,96.800,270,0505-003799,,1,to-263_3p_w10.0x15.3,SMD,,E2412,0,,,
Q13,91.500,95.000,270,0505-003794,,1,tdson8_w5.15x6.15_V2,SMD,,E1208,0,,,
Q14,101.000,95.000,90,0505-003794,,1,tdson8_w5.15x6.15_V2,SMD,,E1208,0,,,
Q15,133.000,95.000,270,0505-003794,,1,tdson8_w5.15x6.15_V2,SMD,,E1208,0,,,
Q16,142.500,95.000,90,0505-003794,,1,tdson8_w5.15x6.15_V2,SMD,,E1208,0,,,
Q17,71.300,94.500,180,0505-003382,,1,sc70-6l_w2.05_V3,SMD,,E0804_L,0,,,
Q18,235.500,93.100,270,0502-001422,,1,sot23_V1,SMD,,E0804_L,0,,,
Q19,76.600,86.900,270,0501-000465,,1,sot23_V1,SMD,,E0804_L,0,,,
Q2,212.965,119.000,270,0505-003799,,1,to-263_3p_w10.0x15.3,SMD,,E2412,0,,,
Q20,170.100,70.605,270,0502-001410,,1,sot89_TQP7M9101_V1_pin4,SMD,,E1208_L,0,,,
Q21,98.000,46.500,270,0505-003898,,1,pqfn8_fdms86xxxs_V1,SMD,,E1208,0,,,
Q22,107.500,46.500,270,0505-003898,,1,pqfn8_fdms86xxxs_V1,SMD,,E1208,0,,,
Q23,124.500,46.500,90,0505-003898,,1,pqfn8_fdms86xxxs_V1,SMD,,E1208,0,,,
Q24,134.000,46.500,90,0505-003898,,1,pqfn8_fdms86xxxs_V1,SMD,,E1208,0,,,
Q25,98.000,38.500,270,0505-003898,,1,pqfn8_fdms86xxxs_V1,SMD,,E1208,0,,,
Q26,107.500,38.500,270,0505-003898,,1,pqfn8_fdms86xxxs_V1,SMD,,E1208,0,,,
Q27,124.500,38.500,90,0505-003898,,1,pqfn8_fdms86xxxs_V1,SMD,,E1208,0,,,
Q28,134.000,38.500,90,0505-003898,,1,pqfn8_fdms86xxxs_V1,SMD,,E1208,0,,,
Q29,67.000,24.000,90,0505-003397,,1,sot23_2N7002K_V1,SMD,,E0804_L,0,,,
Q3,175.712,107.900,90,0505-003443,,1,d2pak_3p_psmns_V2,SMD,,E2416_L,0,,,
Q4,212.965,107.900,270,0505-003799,,1,to-263_3p_w10.0x15.3,SMD,,E2412,0,,,
Q5,92.500,103.000,0,0505-003794,,1,tdson8_w5.15x6.15_V2,SMD,,E1208,0,,,
Q6,99.900,103.000,0,0505-003794,,1,tdson8_w5.15x6.15_V2,SMD,,E1208,0,,,
Q7,134.000,103.000,0,0505-003794,,1,tdson8_w5.15x6.15_V2,SMD,,E1208,0,,,
Q8,141.400,103.000,0,0505-003794,,1,tdson8_w5.15x6.15_V2,SMD,,E1208,0,,,
Q9,222.000,100.500,0,0505-003397,,1,sot23_2N7002K_V1,SMD,,E0804_L,0,,,
R1,73.300,120.400,0,2007-012187,,1,R3216_RES_ms_V1,SMD,,P0804,0,,,
R10,87.200,104.300,90,2007-007142,,1,R1005_ms_V5,SMD,,P0802,0,,,
R100,221.000,88.900,0,2007-011664,,1,R1005_ms_V5,SMD,,P0802,0,,,
R101,221.000,88.000,0,2007-011664,,1,R1005_ms_V5,SMD,,P0802,0,,,
R102,222.300,88.400,90,2007-011664,,1,R1005_ms_V5,SMD,,P0802,0,,,
R103,223.200,88.400,90,2007-011779,,1,R1005_ms_V5,SMD,,P0802,0,,,
R104,224.100,88.400,90,2007-011779,,1,R1005_ms_V5,SMD,,P0802,0,,,
R105,228.100,88.700,90,2007-002899,,1,R1608_RES_ms_V1,SMD,,P0804,0,,,
R106,231.200,88.700,90,2007-002899,,1,R1608_RES_ms_V1,SMD,,P0804,0,,,
R107,56.200,74.800,0,2007-000693,,1,R1608_RES_ms_V1,SMD,,P0804,0,,,
R108,232.800,86.700,90,2007-007136,,1,R1005_ms_V5,SMD,,P0802,0,,,
R109,244.500,87.000,90,2007-007306,,1,R1005_ms_V5,SMD,,P0802,0,,,
R11,128.600,104.200,90,2007-007142,,1,R1005_ms_V5,SMD,,P0802,0,,,
R110,245.400,87.000,90,2007-007136,,1,R1005_ms_V5,SMD,,P0802,0,,,
R111,70.200,84.000,90,2007-008779,,1,R1005_ms_V5,SMD,,P0802,0,,,
R112,75.400,83.600,90,2007-007142,,1,R1005_ms_V5,SMD,,P0802,0,,,
R113,166.100,84.900,90,2007-008715,,1,R6432_RES_2.1_V3,SMD,,E1204_L,0,,,
R114,170.000,84.900,90,2007-008715,,1,R6432_RES_2.1_V3,SMD,,E1204_L,0,,,
R115,173.900,84.900,90,2007-008715,,1,R6432_RES_2.1_V3,SMD,,E1204_L,0,,,
R116,222.200,85.500,0,2007-002899,,1,R1608_RES_ms_V1,SMD,,P0804,0,,,
R117,222.200,84.200,0,2007-002899,,1,R1608_RES_ms_V1,SMD,,P0804,0,,,
R118,232.800,85.000,90,2007-007136,,1,R1005_ms_V5,SMD,,P0802,0,,,
R119,244.500,85.300,90,2007-007306,,1,R1005_ms_V5,SMD,,P0802,0,,,
R12,49.900,102.100,0,2007-007463,,1,R1005_ms_V5,SMD,,P0802,0,,,
R120,245.400,85.300,90,2007-007136,,1,R1005_ms_V5,SMD,,P0802,0,,,
R121,54.500,72.500,0,2007-007468,,1,R1005_ms_V5,SMD,,P0802,0,,,
R123,73.600,82.400,0,2007-007142,,1,R1005_ms_V5,SMD,,P0802,0,,,
R124,54.500,70.500,0,2007-007134,,1,R1005_ms_V5,SMD,,P0802,0,,,
R125,43.300,84.100,90,2007-007306,,1,R1005_ms_V5,SMD,,P0802,0,,,
R126,44.500,84.100,90,2007-007306,,1,R1005_ms_V5,SMD,,P0802,0,,,
R127,59.500,68.000,90,2007-007142,,1,R1005_ms_V5,SMD,,P0802,0,,,
R128,60.800,68.400,0,2007-007142,,1,R1005_ms_V5,SMD,,P0802,0,,,
R129,177.500,76.500,90,2007-000670,,1,R3216_RES_ms_V1,SMD,,P0804,0,,,
R13,50.300,103.400,90,2007-007136,,1,R1005_ms_V5,SMD,,P0802,0,,,
R130,179.500,76.500,90,2007-000670,,1,R3216_RES_ms_V1,SMD,,P0804,0,,,
R131,181.500,76.500,90,2007-000670,,1,R3216_RES_ms_V1,SMD,,P0804,0,,,
R132,183.500,76.500,90,2007-000670,,1,R3216_RES_ms_V1,SMD,,P0804,0,,,
R133,185.500,76.500,90,2007-000670,,1,R3216_RES_ms_V1,SMD,,P0804,0,,,
R134,166.300,69.000,90,2007-007312,,1,R1005_ms_V5,SMD,,P0802,0,,,
R135,167.100,69.000,90,2007-008358,,1,R1005_ms_V5,SMD,,P0802,0,,,
R136,169.600,67.000,0,2007-008779,,1,R1005_ms_V5,SMD,,P0802,0,,,
R137,171.300,67.000,0,2007-008597,,1,R1005_ms_V5,SMD,,P0802,0,,,
R138,170.800,65.700,90,2007-008358,,1,R1005_ms_V5,SMD,,P0802,0,,,
R14,56.700,102.200,90,2007-007318,,1,R1005_ms_V5,SMD,,P0802,0,,,
R141,74.700,56.500,0,2007-000034,,1,R3216_RES_ms_V1,SMD,,P0804,0,,,
R142,61.100,55.200,0,2007-002899,,1,R1608_RES_ms_V1,SMD,,P0804,0,,,
R143,70.600,54.600,0,2007-007142,,1,R1005_ms_V5,SMD,,P0802,0,,,
R144,61.100,53.500,0,2007-002899,,1,R1608_RES_ms_V1,SMD,,P0804,0,,,
R145,71.700,52.100,90,2007-000034,,1,R3216_RES_ms_V1,SMD,,P0804,0,,,
R146,77.100,52.200,90,2007-010305,,1,R3216_RES_ms_V1,SMD,,P0804,0,,,
R147,70.200,51.100,90,2007-007142,,1,R1005_ms_V5,SMD,,P0802,0,,,
R148,75.600,49.100,0,2007-002899,,1,R1608_RES_ms_V1,SMD,,P0804,0,,,
R149,82.500,50.000,0,2007-001258,,1,R3216_RES_ms_V1,SMD,,P0804,0,,,
R15,75.900,101.100,90,2007-007798,,1,R1005_ms_V5,SMD,,P0802,0,,,
R150,87.000,50.000,0,2007-001258,,1,R3216_RES_ms_V1,SMD,,P0804,0,,,
R151,145.000,49.500,0,2007-001258,,1,R3216_RES_ms_V1,SMD,,P0804,0,,,
R152,149.500,49.500,0,2007-001258,,1,R3216_RES_ms_V1,SMD,,P0804,0,,,
R153,61.100,46.700,0,2007-002899,,1,R1608_RES_ms_V1,SMD,,P0804,0,,,
R154,61.300,47.700,0,2007-000144,,1,R1005_ms_V5,SMD,,P0802,0,,,
R155,70.600,46.100,0,2007-007142,,1,R1005_ms_V5,SMD,,P0802,0,,,
R156,76.200,47.500,0,2007-000034,,1,R3216_RES_ms_V1,SMD,,P0804,0,,,
R157,83.500,46.500,90,2007-001076,,1,R3216_RES_ms_V1,SMD,,P0804,0,,,
R158,88.000,46.500,90,2007-001076,,1,R3216_RES_ms_V1,SMD,,P0804,0,,,
R159,61.100,45.000,0,2007-002899,,1,R1608_RES_ms_V1,SMD,,P0804,0,,,
R16,76.700,101.100,90,2007-007798,,1,R1005_ms_V5,SMD,,P0802,0,,,
R160,144.000,46.000,90,2007-001076,,1,R3216_RES_ms_V1,SMD,,P0804,0,,,
R161,148.500,46.000,90,2007-001076,,1,R3216_RES_ms_V1,SMD,,P0804,0,,,
R162,61.317,44.000,0,2007-000144,,1,R1005_ms_V5,SMD,,P0802,0,,,
R163,70.200,42.600,90,2007-007142,,1,R1005_ms_V5,SMD,,P0802,0,,,
R164,71.700,43.600,90,2007-000034,,1,R3216_RES_ms_V1,SMD,,P0804,0,,,
R165,77.200,43.700,90,2007-010305,,1,R3216_RES_ms_V1,SMD,,P0804,0,,,
R166,82.500,42.500,0,2007-001258,,1,R3216_RES_ms_V1,SMD,,P0804,0,,,
R167,87.000,42.500,0,2007-001258,,1,R3216_RES_ms_V1,SMD,,P0804,0,,,
R168,153.800,43.700,90,2007-000969,,1,R1608_RES_ms_V1,SMD,,P0804,0,,,
R169,129.200,40.300,90,2007-007142,,1,R1005_ms_V5,SMD,,P0802,0,,,
R17,106.500,103.600,90,2007-007142,,1,R1005_ms_V5,SMD,,P0802,0,,,
R170,139.200,40.500,0,2007-007142,,1,R1005_ms_V5,SMD,,P0802,0,,,
R171,145.000,42.000,0,2007-001258,,1,R3216_RES_ms_V1,SMD,,P0804,0,,,
R172,149.500,42.000,0,2007-001258,,1,R3216_RES_ms_V1,SMD,,P0804,0,,,
R173,66.200,39.800,90,2007-007798,,1,R1005_ms_V5,SMD,,P0802,0,,,
R174,67.500,39.300,0,2007-007470,,1,R1005_ms_V5,SMD,,P0802,0,,,
R175,67.500,38.400,0,2007-000166,,1,R1005_ms_V5,SMD,,P0802,0,,,
R176,69.200,38.400,0,2007-007318,,1,R1005_ms_V5,SMD,,P0802,0,,,
R177,76.500,36.500,90,2007-007310,,1,R1005_ms_V5,SMD,,P0802,0,,,
R178,74.200,39.900,90,2007-008186,,1,R1608_RES_ms_V1,SMD,,P0804,0,,,
R179,75.500,39.900,90,2007-008592,,1,R1608_RES_ms_V1,SMD,,P0804,0,,,
R18,233.100,103.700,0,2007-007318,,1,R1005_ms_V5,SMD,,P0802,0,,,
R180,83.500,39.000,90,2007-001076,,1,R3216_RES_ms_V1,SMD,,P0804,0,,,
R181,88.000,39.000,90,2007-001076,,1,R3216_RES_ms_V1,SMD,,P0804,0,,,
R182,144.000,38.500,90,2007-001076,,1,R3216_RES_ms_V1,SMD,,P0804,0,,,
R183,148.500,38.500,90,2007-001076,,1,R3216_RES_ms_V1,SMD,,P0804,0,,,
R184,65.000,37.600,90,2007-008567,,1,R1608_RES_ms_V1,SMD,,P0804,0,,,
R185,74.200,37.600,90,2007-008186,,1,R1608_RES_ms_V1,SMD,,P0804,0,,,
R186,75.500,37.600,90,2007-008592,,1,R1608_RES_ms_V1,SMD,,P0804,0,,,
R187,92.800,36.600,0,2007-007142,,1,R1005_ms_V5,SMD,,P0802,0,,,
R188,102.800,36.700,90,2007-007142,,1,R1005_ms_V5,SMD,,P0802,0,,,
R189,66.300,34.800,90,2007-008567,,1,R1608_RES_ms_V1,SMD,,P0804,0,,,
R19,51.200,101.700,90,2007-007318,,1,R1005_ms_V5,SMD,,P0802,0,,,
R190,148.300,33.900,0,2007-000969,,1,R1608_RES_ms_V1,SMD,,P0804,0,,,
R191,66.800,30.200,0,2007-000070,,1,R1608_RES_ms_V1,SMD,,P0804,0,,,
R192,82.700,30.800,90,2007-000969,,1,R1608_RES_ms_V1,SMD,,P0804,0,,,
R193,87.900,30.700,90,2007-000969,,1,R1608_RES_ms_V1,SMD,,P0804,0,,,
R194,66.800,28.900,0,2007-001153,,1,R1608_RES_ms_V1,SMD,,P0804,0,,,
R195,66.200,26.500,0,2007-007139,,1,R1005_ms_V5,SMD,,P0802,0,,,
R196,66.800,27.600,0,2007-001153,,1,R1608_RES_ms_V1,SMD,,P0804,0,,,
R197,67.900,26.500,0,2007-007142,,1,R1005_ms_V5,SMD,,P0802,0,,,
R198,69.600,25.600,0,2007-007697,,1,R1005_ms_V5,SMD,,P0802,0,,,
R2,117.000,110.100,0,2007-013002,,1,sm_res2_w3.1x1.6,SMD,,P0804,0,,,
R20,53.800,101.700,90,2007-007318,,1,R1005_ms_V5,SMD,,P0802,0,,,
R200,69.600,23.800,0,2007-007588,,1,R1005_ms_V5,SMD,,P0802,0,,,
R21,59.900,102.200,90,2007-007318,,1,R1005_ms_V5,SMD,,P0802,0,,,
R211,194.500,123.100,0,2007-008715,,1,R6432_RES_2.1_V3,SMD,,E1204_L,0,,,
R212,60.300,115.400,90,2007-007318,,1,R1005_ms_V5,SMD,,P0802,0,,,
R213,61.100,115.400,90,2007-007318,,1,R1005_ms_V5,SMD,,P0802,0,,,
R214,194.500,119.400,0,2007-008715,,1,R6432_RES_2.1_V3,SMD,,E1204_L,0,,,
R22,115.200,101.400,0,2007-000144,,1,R1005_ms_V5,SMD,,P0802,0,,,
R227,64.100,113.700,90,2007-007139,,1,R1005_ms_V5,SMD,,P0802,0,,,
R228,58.000,112.500,90,2007-007468,,1,R1005_ms_V5,SMD,,P0802,0,,,
R229,194.500,115.500,0,2007-008715,,1,R6432_RES_2.1_V3,SMD,,E1204_L,0,,,
R23,115.200,100.500,0,2007-007798,,1,R1005_ms_V5,SMD,,P0802,0,,,
R230,59.300,109.700,0,2007-007798,,1,R1005_ms_V5,SMD,,P0802,0,,,
R231,61.200,109.700,0,2007-007139,,1,R1005_ms_V5,SMD,,P0802,0,,,
R232,62.500,110.200,90,2007-007318,,1,R1005_ms_V5,SMD,,P0802,0,,,
R233,63.500,110.200,90,2007-008779,,1,R1005_ms_V5,SMD,,P0802,0,,,
R234,63.500,111.900,90,2007-008779,,1,R1005_ms_V5,SMD,,P0802,0,,,
R237,64.400,111.900,90,2007-007318,,1,R1005_ms_V5,SMD,,P0802,0,,,
R238,190.500,111.000,90,2007-000070,,1,R1608_RES_ms_V1,SMD,,P0804,0,,,
R239,189.000,111.000,90,2007-000070,,1,R1608_RES_ms_V1,SMD,,P0804,0,,,
R24,117.200,101.100,90,2007-007798,,1,R1005_ms_V5,SMD,,P0802,0,,,
R242,61.700,106.100,0,2007-002899,,1,R1608_RES_ms_V1,SMD,,P0804,0,,,
R243,56.900,105.100,90,2007-002899,,1,R1608_RES_ms_V1,SMD,,P0804,0,,,
R244,55.100,105.700,0,2007-007272,,1,R1608_RES_ms_V1,SMD,,P0804,0,,,
R246,194.600,106.700,0,2007-007520,,1,R1608_RES_ms_V1,SMD,,P0804,0,,,
R247,150.700,105.200,90,2007-007142,,1,R1005_ms_V5,SMD,,P0802,0,,,
R249,62.300,104.300,90,2007-011685,,1,R1608_RES_ms_V1,SMD,,P0804,0,,,
R25,118.100,101.100,90,2007-007798,,1,R1005_ms_V5,SMD,,P0802,0,,,
R250,55.100,104.400,0,2007-007272,,1,R1608_RES_ms_V1,SMD,,P0804,0,,,
R251,48.500,105.100,90,2007-002899,,1,R1608_RES_ms_V1,SMD,,P0804,0,,,
R254,194.600,105.400,0,2007-007520,,1,R1608_RES_ms_V1,SMD,,P0804,0,,,
R255,194.600,104.100,0,2007-007520,,1,R1608_RES_ms_V1,SMD,,P0804,0,,,
R256,147.346,101.900,90,2007-001076,,1,R3216_RES_ms_V1,SMD,,P0804,0,,,
R258,86.000,100.400,90,2007-001076,,1,R3216_RES_ms_V1,SMD,,P0804,0,,,
R259,84.600,99.600,90,2007-007142,,1,R1005_ms_V5,SMD,,P0802,0,,,
R26,127.780,100.173,90,2007-001076,,1,R3216_RES_ms_V1,SMD,,P0804,0,,,
R260,62.300,102.000,90,2007-011685,,1,R1608_RES_ms_V1,SMD,,P0804,0,,,
R261,47.900,103.300,0,2007-011685,,1,R1608_RES_ms_V1,SMD,,P0804,0,,,
R262,47.900,102.100,0,2007-011685,,1,R1608_RES_ms_V1,SMD,,P0804,0,,,
R263,198.500,102.800,0,2007-000545,,1,R3216_RES_ms_V1,SMD,,P0804,0,,,
R264,150.700,101.000,90,2007-007142,,1,R1005_ms_V5,SMD,,P0802,0,,,
R265,61.700,100.200,0,2007-011809,,1,R1608_RES_ms_V1,SMD,,P0804,0,,,
R266,55.100,103.200,0,2007-007296,,1,R1608_RES_ms_V1,SMD,,P0804,0,,,
R267,48.200,101.100,0,2007-007318,,1,R1005_ms_V5,SMD,,P0802,0,,,
R269,193.200,101.100,90,2007-000070,,1,R1608_RES_ms_V1,SMD,,P0804,0,,,
R27,159.200,102.400,0,2007-000144,,1,R1005_ms_V5,SMD,,P0802,0,,,
R270,198.500,100.800,0,2007-000545,,1,R3216_RES_ms_V1,SMD,,P0804,0,,,
R271,152.700,93.700,0,2007-000070,,1,R1608_RES_ms_V1,SMD,,P0804,0,,,
R272,150.400,97.100,90,2007-001076,,1,R3216_RES_ms_V1,SMD,,P0804,0,,,
R275,80.300,91.700,0,2007-010305,,1,R3216_RES_ms_V1,SMD,,P0804,0,,,
R276,77.100,92.000,90,2007-000070,,1,R1608_RES_ms_V1,SMD,,P0804,0,,,
R277,61.400,99.100,0,2007-007587,,1,R1005_ms_V5,SMD,,P0802,0,,,
R278,61.400,97.500,0,2007-007798,,1,R1005_ms_V5,SMD,,P0802,0,,,
R279,59.700,97.700,0,2007-009322,,1,R1005_ms_V5,SMD,,P0802,0,,,
R28,159.200,101.500,0,2007-007798,,1,R1005_ms_V5,SMD,,P0802,0,,,
R280,45.200,98.300,90,2007-001292,,1,R1005_ms_V5,SMD,,P0802,0,,,
R281,46.000,98.300,90,2007-007697,,1,R1005_ms_V5,SMD,,P0802,0,,,
R282,198.835,97.525,0,2007-008779,,1,R1005_ms_V5,SMD,,P0802,0,,,
R283,153.400,95.500,0,2007-010305,,1,R3216_RES_ms_V1,SMD,,P0804,0,,,
R285,83.600,93.700,90,2007-001076,,1,R3216_RES_ms_V1,SMD,,P0804,0,,,
R286,61.400,98.300,0,2007-007142,,1,R1005_ms_V5,SMD,,P0802,0,,,
R287,46.300,93.300,90,2007-007136,,1,R1005_ms_V5,SMD,,P0802,0,,,
R288,188.500,97.000,90,2007-007306,,1,R1005_ms_V5,SMD,,P0802,0,,,
R289,198.100,96.000,90,2007-007587,,1,R1005_ms_V5,SMD,,P0802,0,,,
R29,48.200,99.300,0,2007-007318,,1,R1005_ms_V5,SMD,,P0802,0,,,
R290,59.800,93.800,0,2007-007318,,1,R1005_ms_V5,SMD,,P0802,0,,,
R291,46.300,91.700,90,2007-007136,,1,R1005_ms_V5,SMD,,P0802,0,,,
R292,200.700,98.400,90,2007-000287,,1,R1608_RES_ms_V1,SMD,,P0804,0,,,
R293,188.400,94.900,90,2007-002899,,1,R1608_RES_ms_V1,SMD,,P0804,0,,,
R294,46.300,88.600,0,2007-007318,,1,R1005_ms_V5,SMD,,P0802,0,,,
R295,190.700,93.100,90,2007-008117,,1,R1005_ms_V5,SMD,,P0802,0,,,
R296,191.600,93.100,90,2007-011783,,1,R1005_ms_V5,SMD,,P0802,0,,,
R297,195.900,91.900,90,2007-000060,,1,R1608_RES_ms_V1,SMD,,P0804,0,,,
R298,196.100,93.500,0,2007-007334,,1,R1005_ms_V5,SMD,,P0802,0,,,
R299,197.200,91.900,90,2007-000060,,1,R1608_RES_ms_V1,SMD,,P0804,0,,,
R3,73.800,108.300,0,2007-000144,,1,R1005_ms_V5,SMD,,P0802,0,,,
R30,48.200,98.500,0,2007-007798,,1,R1005_ms_V5,SMD,,P0802,0,,,
R300,197.800,93.500,0,2007-007334,,1,R1005_ms_V5,SMD,,P0802,0,,,
R303,49.200,87.500,90,2007-007697,,1,R1005_ms_V5,SMD,,P0802,0,,,
R304,196.200,89.700,0,2007-000467,,1,R3216_RES_ms_V1,SMD,,P0804,0,,,
R305,190.100,88.100,0,2007-000052,,1,R1608_RES_ms_V1,SMD,,P0804,0,,,
R306,192.700,88.100,0,2007-000052,,1,R1608_RES_ms_V1,SMD,,P0804,0,,,
R307,195.100,88.100,0,2007-000052,,1,R1608_RES_ms_V1,SMD,,P0804,0,,,
R308,197.700,88.100,0,2007-000058,,1,R1608_RES_ms_V1,SMD,,P0804,0,,,
R309,201.500,89.500,90,2007-008712,,1,R1005_ms_V5,SMD,,P0802,0,,,
R31,69.700,103.400,90,2007-002899,,1,R1608_RES_ms_V1,SMD,,P0804,0,,,
R310,188.100,87.800,0,2007-007107,,1,R1005_ms_V5,SMD,,P0802,0,,,
R311,188.000,92.900,90,2007-007107,,1,R1005_ms_V5,SMD,,P0802,0,,,
R312,188.000,89.700,90,2007-007107,,1,R1005_ms_V5,SMD,,P0802,0,,,
R313,188.000,91.300,90,2007-007107,,1,R1005_ms_V5,SMD,,P0802,0,,,
R314,200.100,88.100,0,2007-000058,,1,R1608_RES_ms_V1,SMD,,P0804,0,,,
R315,73.000,94.000,90,2007-000144,,1,R1005_ms_V5,SMD,,P0802,0,,,
R316,198.700,94.300,0,2007-007107,,1,R1005_ms_V5,SMD,,P0802,0,,,
R317,200.400,94.300,0,2007-011779,,1,R1005_ms_V5,SMD,,P0802,0,,,
R319,225.000,98.000,0,2007-008779,,1,R1005_ms_V5,SMD,,P0802,0,,,
R32,71.000,103.400,90,2007-002899,,1,R1608_RES_ms_V1,SMD,,P0804,0,,,
R322,76.500,38.100,90,2007-007798,,1,R1005_ms_V5,SMD,,P0802,0,,,
R323,77.300,38.100,90,2007-007798,,1,R1005_ms_V5,SMD,,P0802,0,,,
R34,94.000,98.600,0,2007-007142,,1,R1005_ms_V5,SMD,,P0802,0,,,
R35,101.400,98.600,0,2007-007142,,1,R1005_ms_V5,SMD,,P0802,0,,,
R36,115.200,99.600,0,2007-007798,,1,R1005_ms_V5,SMD,,P0802,0,,,
R37,115.200,98.700,0,2007-000144,,1,R1005_ms_V5,SMD,,P0802,0,,,
R38,126.400,99.100,90,2007-007142,,1,R1005_ms_V5,SMD,,P0802,0,,,
R39,135.500,98.600,0,2007-007142,,1,R1005_ms_V5,SMD,,P0802,0,,,
R4,75.400,108.300,0,2007-000144,,1,R1005_ms_V5,SMD,,P0802,0,,,
R40,142.900,98.600,0,2007-007142,,1,R1005_ms_V5,SMD,,P0802,0,,,
R41,159.200,100.600,0,2007-007798,,1,R1005_ms_V5,SMD,,P0802,0,,,
R42,159.200,99.700,0,2007-000144,,1,R1005_ms_V5,SMD,,P0802,0,,,
R43,224.500,100.000,90,2007-011917,,1,R1005_ms_V5,SMD,,P0802,0,,,
R44,225.500,100.000,90,2007-011779,,1,R1005_ms_V5,SMD,,P0802,0,,,
R45,226.500,100.000,90,2007-011809,,1,R1608_RES_ms_V1,SMD,,P0804,0,,,
R46,232.800,98.300,0,2007-002899,,1,R1608_RES_ms_V1,SMD,,P0804,0,,,
R47,48.200,97.600,0,2007-007798,,1,R1005_ms_V5,SMD,,P0802,0,,,
R48,48.200,96.800,0,2007-007798,,1,R1005_ms_V5,SMD,,P0802,0,,,
R49,59.700,96.900,0,2007-000932,,1,R1005_ms_V5,SMD,,P0802,0,,,
R5,117.000,108.100,0,2007-013002,,1,sm_res2_w3.1x1.6,SMD,,P0804,0,,,
R50,64.900,99.600,90,2007-007306,,1,R1005_ms_V5,SMD,,P0802,0,,,
R52,220.500,98.000,0,2007-007142,,1,R1005_ms_V5,SMD,,P0802,0,,,
R53,222.000,96.500,90,2007-011781,,1,R1005_ms_V5,SMD,,P0802,0,,,
R54,223.000,96.500,90,2007-011781,,1,R1005_ms_V5,SMD,,P0802,0,,,
R55,222.500,98.000,0,2007-007318,,1,R1005_ms_V5,SMD,,P0802,0,,,
R56,228.500,98.000,0,2007-007318,,1,R1005_ms_V5,SMD,,P0802,0,,,
R57,230.500,98.000,0,2007-007136,,1,R1005_ms_V5,SMD,,P0802,0,,,
R58,47.900,93.300,90,2007-007306,,1,R1005_ms_V5,SMD,,P0802,0,,,
R6,74.000,106.700,90,2007-002899,,1,R1608_RES_ms_V1,SMD,,P0804,0,,,
R60,69.000,95.100,90,2007-001258,,1,R3216_RES_ms_V1,SMD,,P0804,0,,,
R61,69.700,97.700,0,2007-007798,,1,R1005_ms_V5,SMD,,P0802,0,,,
R62,105.800,94.600,0,2007-007142,,1,R1005_ms_V5,SMD,,P0802,0,,,
R63,108.300,95.300,0,2007-007142,,1,R1005_ms_V5,SMD,,P0802,0,,,
R64,146.900,96.000,90,2007-007142,,1,R1005_ms_V5,SMD,,P0802,0,,,
R65,221.000,94.500,90,2007-007491,,1,R1005_ms_V5,SMD,,P0802,0,,,
R66,222.000,94.500,90,2007-011781,,1,R1005_ms_V5,SMD,,P0802,0,,,
R67,223.000,94.500,90,2007-011882,,1,R1005_ms_V5,SMD,,P0802,0,,,
R68,47.900,91.700,90,2007-007306,,1,R1005_ms_V5,SMD,,P0802,0,,,
R69,59.800,92.200,0,2007-007798,,1,R1005_ms_V5,SMD,,P0802,0,,,
R7,75.200,106.700,90,2007-002899,,1,R1608_RES_ms_V1,SMD,,P0804,0,,,
R70,61.000,86.500,90,2007-000033,,1,R3216_RES_ms_V1,SMD,,P0804,0,,,
R72,71.300,92.400,0,2007-011664,,1,R1005_ms_V5,SMD,,P0802,0,,,
R73,71.400,97.700,0,2007-011664,,1,R1005_ms_V5,SMD,,P0802,0,,,
R74,87.100,93.500,90,2007-007142,,1,R1005_ms_V5,SMD,,P0802,0,,,
R75,118.500,92.100,90,2007-000070,,1,R1608_RES_ms_V1,SMD,,P0804,0,,,
R76,124.900,93.200,90,2007-001076,,1,R3216_RES_ms_V1,SMD,,P0804,0,,,
R77,128.600,93.500,90,2007-007142,,1,R1005_ms_V5,SMD,,P0802,0,,,
R78,221.500,93.000,0,2007-008593,,1,R1005_ms_V5,SMD,,P0802,0,,,
R79,223.500,93.000,0,2007-011781,,1,R1005_ms_V5,SMD,,P0802,0,,,
R8,117.000,106.100,0,2007-013002,,1,sm_res2_w3.1x1.6,SMD,,P0804,0,,,
R80,225.500,93.000,0,2007-011781,,1,R1005_ms_V5,SMD,,P0802,0,,,
R81,227.500,93.000,0,2007-011781,,1,R1005_ms_V5,SMD,,P0802,0,,,
R83,231.000,92.500,90,2007-000060,,1,R1608_RES_ms_V1,SMD,,P0804,0,,,
R84,232.500,94.000,0,2007-011882,,1,R1005_ms_V5,SMD,,P0802,0,,,
R85,50.500,90.400,0,2007-007798,,1,R1005_ms_V5,SMD,,P0802,0,,,
R86,59.800,91.400,0,2007-007798,,1,R1005_ms_V5,SMD,,P0802,0,,,
R89,121.200,91.700,0,2007-010305,,1,R3216_RES_ms_V1,SMD,,P0804,0,,,
R9,72.700,106.700,90,2007-002899,,1,R1608_RES_ms_V1,SMD,,P0804,0,,,
R90,225.500,92.000,0,2007-007142,,1,R1005_ms_V5,SMD,,P0802,0,,,
R91,227.500,92.000,0,2007-007318,,1,R1005_ms_V5,SMD,,P0802,0,,,
R92,49.200,89.200,90,2007-007798,,1,R1005_ms_V5,SMD,,P0802,0,,,
R96,54.100,90.000,90,2007-007318,,1,R1005_ms_V5,SMD,,P0802,0,,,
R97,53.000,77.000,90,2007-007798,,1,R1005_ms_V5,SMD,,P0802,0,,,
R98,70.200,88.000,90,2007-007317,,1,R1005_ms_V5,SMD,,P0802,0,,,
R99,72.900,87.900,0,2007-000288,,1,R3216_RES_ms_V1,SMD,,P0804,0,,,
T1,95.500,71.000,0,EP26-00038A,,1,sm_trans4_w31.5x33.0_V1,SMD,,E5644,0,,,
T2,137.000,71.000,0,EP26-00038A,,1,sm_trans4_w31.5x33.0_V1,SMD,,E5644,0,,,
T3,62.200,32.700,270,2601-001389,,1,sm_ind4_w4.8x4.8,SMD,,E1208,0,,,
TVS1,268.387,96.500,270,0406-001854,,1,sm_dio2_ltkak6_V4,SMD,,E3220,0,,,
TVS2,181.100,87.500,0,0406-001764,,1,sm_dio2_5.0SMDJ70CA,SMD,,E1608_L,0,,,
TVS3,207.200,87.900,0,0406-001843,,1,sm_dio2_5.0SMDJ70CA,SMD,,E1608,0,,,
U1,74.300,112.900,0,1003-003261,,1,msop13_w3.0h4.9_ep1.76x1.425_2EDN7524R,SMD,,E1208_L,0,,,
U10,54.000,96.000,0,0904-003098-FW,,1,qfn44_w8.0_ep6.43_SD,SMD,,E1612,0,,,
U11,228.100,95.500,270,1202-001149,,1,msop8_w3.0h4.9_V1,SMD,,E1208_L,0,,,
U12,72.900,85.200,0,1203-006936,,1,sot23_V1,SMD,,E0804_L,0,,,
U13,114.600,87.600,90,1209-001160,,1,sot23_V1,SMD,,E0804_L,0,,,
U14,155.600,87.600,90,1209-001160,,1,sot23_V1,SMD,,E0804_L,0,,,
U15,239.000,86.900,270,1001-001710,,1,sop8_w600_p5.2,SMD,,E1208_L,0,,,
U16,228.200,85.700,90,1203-009687,,1,tsop10_w490_V2,SMD,,E1208_L,0,,,
U17,57.500,72.000,270,1203-008964,,1,sot6_SYU382CABC,SMD,,E0804_L,0,,,
U18,168.700,64.200,90,1203-006452,,1,sot23_V1,SMD,,E0804_L,0,,,
U19,66.500,53.500,270,1001-002090,,1,lga13_w5.0x5.0,SMD,,E1208,0,,,
U2,70.800,106.600,270,0801-003697,,1,sc70_5_ms,SMD,,E0804,0,,,
U20,66.500,45.000,270,1001-002090,,1,lga13_w5.0x5.0,SMD,,E1208,0,,,
U21,154.000,40.500,180,0502-001444,,1,sot26,SMD,,E0804,0,,,
U22,70.900,35.600,90,1203-009282,,1,qfn8_w4.0_p3.0x1.98_SD,SMD,,E1208,0,,,
U23,82.500,34.000,0,0502-001444,,1,sot26,SMD,,E0804,0,,,
U24,87.500,34.000,0,0502-001444,,1,sot26,SMD,,E0804,0,,,
U25,145.000,33.500,90,0502-001444,,1,sot26,SMD,,E0804,0,,,
U26,60.600,112.800,0,1201-004407,,1,sot23-5_LM7321MF_V1,SMD,,E0804,0,,,
U27,193.500,96.900,270,1203-009281,,1,tssop16_w5.0h6.4_V2,SMD,,E1208,0,,,
U3,81.000,101.000,270,1001-002090,,1,lga13_w5.0x5.0,SMD,,E1208,0,,,
U4,110.400,101.000,90,1001-002090,,1,lga13_w5.0x5.0,SMD,,E1208,0,,,
U5,122.500,101.000,270,1001-002090,,1,lga13_w5.0x5.0,SMD,,E1208,0,,,
U6,154.400,102.000,90,1001-002090,,1,lga13_w5.0x5.0,SMD,,E1208,0,,,
U7,64.900,102.500,270,1203-006936,,1,sot23_V1,SMD,,E0804_L,0,,,
U8,229.500,100.000,0,1203-006452,,1,sot23_V1,SMD,,E0804_L,0,,,
ZD1,180.400,69.800,0,0403-001454,,1,sod_123_V1,SMD,,E0804_L,0,,,
ZD2,70.600,28.400,0,0403-002076,,1,sod_323,SMD,,E0804_L,0,,,
ZD3,189.400,91.200,90,0403-002076,,1,sod_323,SMD,,E0804_L,0,,,

